-- MySQL dump 10.13  Distrib 5.7.31, for Linux (x86_64)
--
-- Host: mysql    Database: strapi
-- ------------------------------------------------------
-- Server version	5.7.31

/*!40101 SET @OLD_CHARACTER_SET_CLIENT=@@CHARACTER_SET_CLIENT */;
/*!40101 SET @OLD_CHARACTER_SET_RESULTS=@@CHARACTER_SET_RESULTS */;
/*!40101 SET @OLD_COLLATION_CONNECTION=@@COLLATION_CONNECTION */;
/*!40101 SET NAMES utf8 */;
/*!40103 SET @OLD_TIME_ZONE=@@TIME_ZONE */;
/*!40103 SET TIME_ZONE='+00:00' */;
/*!40014 SET @OLD_UNIQUE_CHECKS=@@UNIQUE_CHECKS, UNIQUE_CHECKS=0 */;
/*!40014 SET @OLD_FOREIGN_KEY_CHECKS=@@FOREIGN_KEY_CHECKS, FOREIGN_KEY_CHECKS=0 */;
/*!40101 SET @OLD_SQL_MODE=@@SQL_MODE, SQL_MODE='NO_AUTO_VALUE_ON_ZERO' */;
/*!40111 SET @OLD_SQL_NOTES=@@SQL_NOTES, SQL_NOTES=0 */;

--
-- Table structure for table `blog`
--

DROP TABLE IF EXISTS `blog`;
/*!40101 SET @saved_cs_client     = @@character_set_client */;
/*!40101 SET character_set_client = utf8 */;
CREATE TABLE `blog` (
  `id` int(10) unsigned NOT NULL AUTO_INCREMENT,
  `title` varchar(255) DEFAULT NULL,
  `createdAt` date DEFAULT NULL,
  `content` longtext,
  `published_at` datetime DEFAULT NULL,
  `created_by` int(11) DEFAULT NULL,
  `updated_by` int(11) DEFAULT NULL,
  `created_at` timestamp NULL DEFAULT CURRENT_TIMESTAMP,
  `updated_at` timestamp NULL DEFAULT CURRENT_TIMESTAMP,
  PRIMARY KEY (`id`)
) ENGINE=InnoDB AUTO_INCREMENT=2 DEFAULT CHARSET=latin1;
/*!40101 SET character_set_client = @saved_cs_client */;

--
-- Dumping data for table `blog`
--

LOCK TABLES `blog` WRITE;
/*!40000 ALTER TABLE `blog` DISABLE KEYS */;
INSERT INTO `blog` VALUES (1,'test','2020-11-03','Lorem ipsum dolor sit amet, consectetur adipiscing elit. Donec eget sem sagittis, mattis dui et, egestas sem. Pellentesque fringilla dui convallis tortor interdum ornare. Vivamus pretium, ante sit amet laoreet tempor, ipsum dolor hendrerit odio, in ultrices eros arcu in nulla. Sed sagittis consectetur congue. Sed nec sem diam. Nunc sed tortor id nisl imperdiet euismod non sit amet diam. Aenean elit lacus, hendrerit non dui in, consectetur aliquam orci. Interdum et malesuada fames ac ante ipsum primis in faucibus. Mauris sit amet tellus in nulla consequat semper et in odio. Sed sit amet nisi maximus, condimentum mi ut, sagittis est. Quisque facilisis gravida ipsum, non pulvinar ligula dictum id. Aliquam at tincidunt nisl, eu congue diam. Donec malesuada nisl erat, ut vehicula orci aliquam et. Pellentesque a dictum elit, non suscipit diam.\n\nAenean sollicitudin hendrerit ante. Nulla lacus enim, ornare quis pretium a, aliquet vitae ex. Pellentesque habitant morbi tristique senectus et netus et malesuada fames ac turpis egestas. Phasellus ut viverra leo. Praesent non commodo libero. Proin id interdum augue. Nunc faucibus nulla et diam maximus, sed tristique elit semper. Maecenas neque ligula, placerat id vestibulum ac, sagittis in felis. Suspendisse velit neque, auctor vitae metus nec, placerat malesuada est. Pellentesque fringilla erat nibh, id interdum est eleifend vitae. Pellentesque posuere sem id diam ullamcorper viverra. Nulla maximus aliquet orci ut commodo. Nunc varius turpis a purus facilisis, eu pulvinar libero malesuada. Aliquam fringilla ornare pretium. Quisque semper in nibh ac faucibus. In risus sem, imperdiet ut elementum ac, interdum in sem.\n\nFusce dignissim porta tristique. Proin euismod faucibus aliquam. Aenean ullamcorper elit mauris, sed ullamcorper ex facilisis ac. Suspendisse potenti. Aliquam commodo pretium rhoncus. Aenean dictum lorem vel nibh dictum iaculis. Morbi ultricies ut augue at semper. Morbi maximus, ipsum non ultricies blandit, sapien velit pretium nunc, eu dictum elit eros eu ante. Vestibulum sed suscipit justo, a cursus felis. Sed sit amet tempus dolor, eu pulvinar lectus. Nam pretium magna sit amet mauris mollis viverra. Mauris eu ex elit. Vivamus eget ex ac nulla lobortis consectetur accumsan vulputate nibh.\n\nNullam nunc enim, efficitur et pellentesque ut, pharetra sed mauris. Proin sollicitudin enim purus, vitae laoreet ante lobortis at. Fusce faucibus turpis lectus, vitae lacinia nisi sollicitudin sed. Duis et dui metus. Nullam fringilla eu eros eget luctus. Nullam turpis magna, vehicula at velit vel, fermentum tincidunt mi. Donec vel consectetur massa. Etiam ut augue sit amet quam aliquet ultrices ac et diam. Cras gravida blandit pellentesque. Nullam tincidunt erat ut tincidunt aliquam.\n\nEtiam congue, sem at molestie placerat, lacus erat placerat est, nec pulvinar diam erat vitae lectus. Cras vestibulum aliquet est, nec tempor libero vulputate vitae. Nulla euismod aliquet nisi in dignissim. Integer molestie tortor vitae tempor tincidunt. Interdum et malesuada fames ac ante ipsum primis in faucibus. Fusce faucibus nulla congue nibh varius tincidunt sit amet eget ipsum. Donec hendrerit ligula quis dictum convallis. Nunc arcu est, congue sit amet semper sit amet, rutrum non nulla. Duis pellentesque at eros nec ultricies. Vivamus rutrum nisi non nulla cursus sollicitudin. Integer sodales nisi ut tellus fermentum, eget rutrum eros pulvinar. In ut urna porttitor leo','2020-11-03 17:50:47',1,1,'2020-11-03 17:50:34','2020-11-03 17:50:47');
/*!40000 ALTER TABLE `blog` ENABLE KEYS */;
UNLOCK TABLES;

--
-- Table structure for table `blog_components`
--

DROP TABLE IF EXISTS `blog_components`;
/*!40101 SET @saved_cs_client     = @@character_set_client */;
/*!40101 SET character_set_client = utf8 */;
CREATE TABLE `blog_components` (
  `id` int(10) unsigned NOT NULL AUTO_INCREMENT,
  `field` varchar(255) NOT NULL,
  `order` int(10) unsigned NOT NULL,
  `component_type` varchar(255) NOT NULL,
  `component_id` int(11) NOT NULL,
  `blog_id` int(10) unsigned NOT NULL,
  PRIMARY KEY (`id`),
  KEY `blog_id_fk` (`blog_id`),
  CONSTRAINT `blog_id_fk` FOREIGN KEY (`blog_id`) REFERENCES `blog` (`id`) ON DELETE CASCADE
) ENGINE=InnoDB AUTO_INCREMENT=6 DEFAULT CHARSET=latin1;
/*!40101 SET character_set_client = @saved_cs_client */;

--
-- Dumping data for table `blog_components`
--

LOCK TABLES `blog_components` WRITE;
/*!40000 ALTER TABLE `blog_components` DISABLE KEYS */;
INSERT INTO `blog_components` VALUES (1,'test',2,'components_blog_custom_metas',1,1),(2,'test',3,'components_blog_custom_metas',2,1),(3,'test',4,'components_blog_custom_metas',3,1),(4,'test',1,'components_blog_authors',1,1),(5,'test',1,'components_blog_custom_metas',4,1);
/*!40000 ALTER TABLE `blog_components` ENABLE KEYS */;
UNLOCK TABLES;

--
-- Table structure for table `components_blog_authors`
--

DROP TABLE IF EXISTS `components_blog_authors`;
/*!40101 SET @saved_cs_client     = @@character_set_client */;
/*!40101 SET character_set_client = utf8 */;
CREATE TABLE `components_blog_authors` (
  `id` int(10) unsigned NOT NULL AUTO_INCREMENT,
  `Name` varchar(255) DEFAULT NULL,
  PRIMARY KEY (`id`)
) ENGINE=InnoDB AUTO_INCREMENT=2 DEFAULT CHARSET=latin1;
/*!40101 SET character_set_client = @saved_cs_client */;

--
-- Dumping data for table `components_blog_authors`
--

LOCK TABLES `components_blog_authors` WRITE;
/*!40000 ALTER TABLE `components_blog_authors` DISABLE KEYS */;
INSERT INTO `components_blog_authors` VALUES (1,'test');
/*!40000 ALTER TABLE `components_blog_authors` ENABLE KEYS */;
UNLOCK TABLES;

--
-- Table structure for table `components_blog_blogs`
--

DROP TABLE IF EXISTS `components_blog_blogs`;
/*!40101 SET @saved_cs_client     = @@character_set_client */;
/*!40101 SET character_set_client = utf8 */;
CREATE TABLE `components_blog_blogs` (
  `id` int(10) unsigned NOT NULL AUTO_INCREMENT,
  `title` varchar(255) DEFAULT NULL,
  `createdAt` date DEFAULT NULL,
  `publishAt` date DEFAULT NULL,
  `content` longtext,
  PRIMARY KEY (`id`)
) ENGINE=InnoDB DEFAULT CHARSET=latin1;
/*!40101 SET character_set_client = @saved_cs_client */;

--
-- Dumping data for table `components_blog_blogs`
--

LOCK TABLES `components_blog_blogs` WRITE;
/*!40000 ALTER TABLE `components_blog_blogs` DISABLE KEYS */;
/*!40000 ALTER TABLE `components_blog_blogs` ENABLE KEYS */;
UNLOCK TABLES;

--
-- Table structure for table `components_blog_custom_metas`
--

DROP TABLE IF EXISTS `components_blog_custom_metas`;
/*!40101 SET @saved_cs_client     = @@character_set_client */;
/*!40101 SET character_set_client = utf8 */;
CREATE TABLE `components_blog_custom_metas` (
  `id` int(10) unsigned NOT NULL AUTO_INCREMENT,
  `key` varchar(255) DEFAULT NULL,
  `value` varchar(255) DEFAULT NULL,
  PRIMARY KEY (`id`)
) ENGINE=InnoDB AUTO_INCREMENT=5 DEFAULT CHARSET=latin1;
/*!40101 SET character_set_client = @saved_cs_client */;

--
-- Dumping data for table `components_blog_custom_metas`
--

LOCK TABLES `components_blog_custom_metas` WRITE;
/*!40000 ALTER TABLE `components_blog_custom_metas` DISABLE KEYS */;
INSERT INTO `components_blog_custom_metas` VALUES (1,'test','test'),(2,'test1','1'),(3,'test2','2'),(4,'image','whatever.jpg');
/*!40000 ALTER TABLE `components_blog_custom_metas` ENABLE KEYS */;
UNLOCK TABLES;

--
-- Table structure for table `components_blog_metas`
--

DROP TABLE IF EXISTS `components_blog_metas`;
/*!40101 SET @saved_cs_client     = @@character_set_client */;
/*!40101 SET character_set_client = utf8 */;
CREATE TABLE `components_blog_metas` (
  `id` int(10) unsigned NOT NULL AUTO_INCREMENT,
  PRIMARY KEY (`id`)
) ENGINE=InnoDB DEFAULT CHARSET=latin1;
/*!40101 SET character_set_client = @saved_cs_client */;

--
-- Dumping data for table `components_blog_metas`
--

LOCK TABLES `components_blog_metas` WRITE;
/*!40000 ALTER TABLE `components_blog_metas` DISABLE KEYS */;
/*!40000 ALTER TABLE `components_blog_metas` ENABLE KEYS */;
UNLOCK TABLES;

--
-- Table structure for table `core_store`
--

DROP TABLE IF EXISTS `core_store`;
/*!40101 SET @saved_cs_client     = @@character_set_client */;
/*!40101 SET character_set_client = utf8 */;
CREATE TABLE `core_store` (
  `id` int(10) unsigned NOT NULL AUTO_INCREMENT,
  `key` varchar(255) DEFAULT NULL,
  `value` longtext,
  `type` varchar(255) DEFAULT NULL,
  `environment` varchar(255) DEFAULT NULL,
  `tag` varchar(255) DEFAULT NULL,
  PRIMARY KEY (`id`)
) ENGINE=InnoDB AUTO_INCREMENT=32 DEFAULT CHARSET=latin1;
/*!40101 SET character_set_client = @saved_cs_client */;

--
-- Dumping data for table `core_store`
--

LOCK TABLES `core_store` WRITE;
/*!40000 ALTER TABLE `core_store` DISABLE KEYS */;
INSERT INTO `core_store` VALUES (1,'model_def_strapi::core-store','{\"uid\":\"strapi::core-store\",\"collectionName\":\"core_store\",\"info\":{\"name\":\"core_store\",\"description\":\"\"},\"options\":{\"timestamps\":false},\"attributes\":{\"key\":{\"type\":\"string\"},\"value\":{\"type\":\"text\"},\"type\":{\"type\":\"string\"},\"environment\":{\"type\":\"string\"},\"tag\":{\"type\":\"string\"}}}','object',NULL,NULL),(2,'model_def_strapi::webhooks','{\"uid\":\"strapi::webhooks\",\"collectionName\":\"strapi_webhooks\",\"info\":{\"name\":\"Strapi webhooks\",\"description\":\"\"},\"options\":{\"timestamps\":false},\"attributes\":{\"name\":{\"type\":\"string\"},\"url\":{\"type\":\"text\"},\"headers\":{\"type\":\"json\"},\"events\":{\"type\":\"json\"},\"enabled\":{\"type\":\"boolean\"}}}','object',NULL,NULL),(3,'model_def_strapi::permission','{\"uid\":\"strapi::permission\",\"collectionName\":\"strapi_permission\",\"kind\":\"collectionType\",\"info\":{\"name\":\"Permission\",\"description\":\"\"},\"options\":{\"timestamps\":[\"created_at\",\"updated_at\"]},\"attributes\":{\"action\":{\"type\":\"string\",\"minLength\":1,\"configurable\":false,\"required\":true},\"subject\":{\"type\":\"string\",\"minLength\":1,\"configurable\":false,\"required\":false},\"fields\":{\"type\":\"json\",\"configurable\":false,\"required\":false,\"default\":[]},\"conditions\":{\"type\":\"json\",\"configurable\":false,\"required\":false,\"default\":[]},\"role\":{\"configurable\":false,\"model\":\"role\",\"plugin\":\"admin\"}}}','object',NULL,NULL),(4,'model_def_strapi::role','{\"uid\":\"strapi::role\",\"collectionName\":\"strapi_role\",\"kind\":\"collectionType\",\"info\":{\"name\":\"Role\",\"description\":\"\"},\"options\":{\"timestamps\":[\"created_at\",\"updated_at\"]},\"attributes\":{\"name\":{\"type\":\"string\",\"minLength\":1,\"unique\":true,\"configurable\":false,\"required\":true},\"code\":{\"type\":\"string\",\"minLength\":1,\"unique\":true,\"configurable\":false,\"required\":true},\"description\":{\"type\":\"string\",\"configurable\":false},\"users\":{\"configurable\":false,\"collection\":\"user\",\"via\":\"roles\",\"plugin\":\"admin\",\"attribute\":\"user\",\"column\":\"id\",\"isVirtual\":true},\"permissions\":{\"configurable\":false,\"plugin\":\"admin\",\"collection\":\"permission\",\"via\":\"role\",\"isVirtual\":true}}}','object',NULL,NULL),(5,'model_def_strapi::user','{\"uid\":\"strapi::user\",\"collectionName\":\"strapi_administrator\",\"kind\":\"collectionType\",\"info\":{\"name\":\"User\",\"description\":\"\"},\"options\":{\"timestamps\":false},\"attributes\":{\"firstname\":{\"type\":\"string\",\"unique\":false,\"minLength\":1,\"configurable\":false,\"required\":false},\"lastname\":{\"type\":\"string\",\"unique\":false,\"minLength\":1,\"configurable\":false,\"required\":false},\"username\":{\"type\":\"string\",\"unique\":false,\"configurable\":false,\"required\":false},\"email\":{\"type\":\"email\",\"minLength\":6,\"configurable\":false,\"required\":true,\"unique\":true,\"private\":true},\"password\":{\"type\":\"password\",\"minLength\":6,\"configurable\":false,\"required\":false,\"private\":true},\"resetPasswordToken\":{\"type\":\"string\",\"configurable\":false,\"private\":true},\"registrationToken\":{\"type\":\"string\",\"configurable\":false,\"private\":true},\"isActive\":{\"type\":\"boolean\",\"default\":false,\"configurable\":false,\"private\":true},\"roles\":{\"collection\":\"role\",\"collectionName\":\"strapi_users_roles\",\"via\":\"users\",\"dominant\":true,\"plugin\":\"admin\",\"configurable\":false,\"private\":true,\"attribute\":\"role\",\"column\":\"id\",\"isVirtual\":true},\"blocked\":{\"type\":\"boolean\",\"default\":false,\"configurable\":false,\"private\":true}}}','object',NULL,NULL),(6,'model_def_plugins::users-permissions.permission','{\"uid\":\"plugins::users-permissions.permission\",\"collectionName\":\"users-permissions_permission\",\"kind\":\"collectionType\",\"info\":{\"name\":\"permission\",\"description\":\"\"},\"options\":{\"timestamps\":false},\"attributes\":{\"type\":{\"type\":\"string\",\"required\":true,\"configurable\":false},\"controller\":{\"type\":\"string\",\"required\":true,\"configurable\":false},\"action\":{\"type\":\"string\",\"required\":true,\"configurable\":false},\"enabled\":{\"type\":\"boolean\",\"required\":true,\"configurable\":false},\"policy\":{\"type\":\"string\",\"configurable\":false},\"role\":{\"model\":\"role\",\"via\":\"permissions\",\"plugin\":\"users-permissions\",\"configurable\":false},\"created_by\":{\"model\":\"user\",\"plugin\":\"admin\",\"configurable\":false,\"writable\":false,\"private\":true},\"updated_by\":{\"model\":\"user\",\"plugin\":\"admin\",\"configurable\":false,\"writable\":false,\"private\":true}}}','object',NULL,NULL),(7,'model_def_plugins::users-permissions.role','{\"uid\":\"plugins::users-permissions.role\",\"collectionName\":\"users-permissions_role\",\"kind\":\"collectionType\",\"info\":{\"name\":\"role\",\"description\":\"\"},\"options\":{\"timestamps\":false},\"attributes\":{\"name\":{\"type\":\"string\",\"minLength\":3,\"required\":true,\"configurable\":false},\"description\":{\"type\":\"string\",\"configurable\":false},\"type\":{\"type\":\"string\",\"unique\":true,\"configurable\":false},\"permissions\":{\"collection\":\"permission\",\"via\":\"role\",\"plugin\":\"users-permissions\",\"configurable\":false,\"isVirtual\":true},\"users\":{\"collection\":\"user\",\"via\":\"role\",\"configurable\":false,\"plugin\":\"users-permissions\",\"isVirtual\":true},\"created_by\":{\"model\":\"user\",\"plugin\":\"admin\",\"configurable\":false,\"writable\":false,\"private\":true},\"updated_by\":{\"model\":\"user\",\"plugin\":\"admin\",\"configurable\":false,\"writable\":false,\"private\":true}}}','object',NULL,NULL),(8,'model_def_plugins::users-permissions.user','{\"uid\":\"plugins::users-permissions.user\",\"collectionName\":\"users-permissions_user\",\"kind\":\"collectionType\",\"info\":{\"name\":\"user\",\"description\":\"\"},\"options\":{\"draftAndPublish\":false,\"timestamps\":[\"created_at\",\"updated_at\"]},\"attributes\":{\"username\":{\"type\":\"string\",\"minLength\":3,\"unique\":true,\"configurable\":false,\"required\":true},\"email\":{\"type\":\"email\",\"minLength\":6,\"configurable\":false,\"required\":true},\"provider\":{\"type\":\"string\",\"configurable\":false},\"password\":{\"type\":\"password\",\"minLength\":6,\"configurable\":false,\"private\":true},\"resetPasswordToken\":{\"type\":\"string\",\"configurable\":false,\"private\":true},\"confirmationToken\":{\"type\":\"string\",\"configurable\":false,\"private\":true},\"confirmed\":{\"type\":\"boolean\",\"default\":false,\"configurable\":false},\"blocked\":{\"type\":\"boolean\",\"default\":false,\"configurable\":false},\"role\":{\"model\":\"role\",\"via\":\"users\",\"plugin\":\"users-permissions\",\"configurable\":false},\"created_by\":{\"model\":\"user\",\"plugin\":\"admin\",\"configurable\":false,\"writable\":false,\"private\":true},\"updated_by\":{\"model\":\"user\",\"plugin\":\"admin\",\"configurable\":false,\"writable\":false,\"private\":true}}}','object',NULL,NULL),(9,'model_def_plugins::upload.file','{\"uid\":\"plugins::upload.file\",\"collectionName\":\"upload_file\",\"kind\":\"collectionType\",\"info\":{\"name\":\"file\",\"description\":\"\"},\"options\":{\"timestamps\":[\"created_at\",\"updated_at\"]},\"attributes\":{\"name\":{\"type\":\"string\",\"configurable\":false,\"required\":true},\"alternativeText\":{\"type\":\"string\",\"configurable\":false},\"caption\":{\"type\":\"string\",\"configurable\":false},\"width\":{\"type\":\"integer\",\"configurable\":false},\"height\":{\"type\":\"integer\",\"configurable\":false},\"formats\":{\"type\":\"json\",\"configurable\":false},\"hash\":{\"type\":\"string\",\"configurable\":false,\"required\":true},\"ext\":{\"type\":\"string\",\"configurable\":false},\"mime\":{\"type\":\"string\",\"configurable\":false,\"required\":true},\"size\":{\"type\":\"decimal\",\"configurable\":false,\"required\":true},\"url\":{\"type\":\"string\",\"configurable\":false,\"required\":true},\"previewUrl\":{\"type\":\"string\",\"configurable\":false},\"provider\":{\"type\":\"string\",\"configurable\":false,\"required\":true},\"provider_metadata\":{\"type\":\"json\",\"configurable\":false},\"related\":{\"collection\":\"*\",\"filter\":\"field\",\"configurable\":false},\"created_by\":{\"model\":\"user\",\"plugin\":\"admin\",\"configurable\":false,\"writable\":false,\"private\":true},\"updated_by\":{\"model\":\"user\",\"plugin\":\"admin\",\"configurable\":false,\"writable\":false,\"private\":true}}}','object',NULL,NULL),(10,'plugin_users-permissions_grant','{\"email\":{\"enabled\":true,\"icon\":\"envelope\"},\"discord\":{\"enabled\":false,\"icon\":\"discord\",\"key\":\"\",\"secret\":\"\",\"callback\":\"/auth/discord/callback\",\"scope\":[\"identify\",\"email\"]},\"facebook\":{\"enabled\":false,\"icon\":\"facebook-square\",\"key\":\"\",\"secret\":\"\",\"callback\":\"/auth/facebook/callback\",\"scope\":[\"email\"]},\"google\":{\"enabled\":false,\"icon\":\"google\",\"key\":\"\",\"secret\":\"\",\"callback\":\"/auth/google/callback\",\"scope\":[\"email\"]},\"github\":{\"enabled\":false,\"icon\":\"github\",\"key\":\"\",\"secret\":\"\",\"callback\":\"/auth/github/callback\",\"scope\":[\"user\",\"user:email\"]},\"microsoft\":{\"enabled\":false,\"icon\":\"windows\",\"key\":\"\",\"secret\":\"\",\"callback\":\"/auth/microsoft/callback\",\"scope\":[\"user.read\"]},\"twitter\":{\"enabled\":false,\"icon\":\"twitter\",\"key\":\"\",\"secret\":\"\",\"callback\":\"/auth/twitter/callback\"},\"instagram\":{\"enabled\":false,\"icon\":\"instagram\",\"key\":\"\",\"secret\":\"\",\"callback\":\"/auth/instagram/callback\"},\"vk\":{\"enabled\":false,\"icon\":\"vk\",\"key\":\"\",\"secret\":\"\",\"callback\":\"/auth/vk/callback\",\"scope\":[\"email\"]},\"twitch\":{\"enabled\":false,\"icon\":\"twitch\",\"key\":\"\",\"secret\":\"\",\"callback\":\"/auth/twitch/callback\",\"scope\":[\"user:read:email\"]},\"linkedin\":{\"enabled\":false,\"icon\":\"linkedin\",\"key\":\"\",\"secret\":\"\",\"callback\":\"/auth/linkedin/callback\",\"scope\":[\"r_liteprofile\",\"r_emailaddress\"]},\"cognito\":{\"enabled\":false,\"icon\":\"aws\",\"key\":\"\",\"secret\":\"\",\"subdomain\":\"my.subdomain.com\",\"callback\":\"/auth/cognito/callback\",\"scope\":[\"email\",\"openid\",\"profile\"]}}','object','',''),(11,'plugin_upload_settings','{\"sizeOptimization\":true,\"responsiveDimensions\":true}','object','development',''),(12,'plugin_content_manager_configuration_content_types::strapi::permission','{\"uid\":\"strapi::permission\",\"settings\":{\"bulkable\":true,\"filterable\":true,\"searchable\":true,\"pageSize\":10,\"mainField\":\"action\",\"defaultSortBy\":\"action\",\"defaultSortOrder\":\"ASC\"},\"metadatas\":{\"id\":{\"edit\":{},\"list\":{\"label\":\"Id\",\"searchable\":true,\"sortable\":true}},\"action\":{\"edit\":{\"label\":\"Action\",\"description\":\"\",\"placeholder\":\"\",\"visible\":true,\"editable\":true},\"list\":{\"label\":\"Action\",\"searchable\":true,\"sortable\":true}},\"subject\":{\"edit\":{\"label\":\"Subject\",\"description\":\"\",\"placeholder\":\"\",\"visible\":true,\"editable\":true},\"list\":{\"label\":\"Subject\",\"searchable\":true,\"sortable\":true}},\"fields\":{\"edit\":{\"label\":\"Fields\",\"description\":\"\",\"placeholder\":\"\",\"visible\":true,\"editable\":true},\"list\":{\"label\":\"Fields\",\"searchable\":false,\"sortable\":false}},\"conditions\":{\"edit\":{\"label\":\"Conditions\",\"description\":\"\",\"placeholder\":\"\",\"visible\":true,\"editable\":true},\"list\":{\"label\":\"Conditions\",\"searchable\":false,\"sortable\":false}},\"role\":{\"edit\":{\"label\":\"Role\",\"description\":\"\",\"placeholder\":\"\",\"visible\":true,\"editable\":true,\"mainField\":\"name\"},\"list\":{\"label\":\"Role\",\"searchable\":false,\"sortable\":false}},\"created_at\":{\"edit\":{\"label\":\"Created_at\",\"description\":\"\",\"placeholder\":\"\",\"visible\":false,\"editable\":true},\"list\":{\"label\":\"Created_at\",\"searchable\":true,\"sortable\":true}},\"updated_at\":{\"edit\":{\"label\":\"Updated_at\",\"description\":\"\",\"placeholder\":\"\",\"visible\":false,\"editable\":true},\"list\":{\"label\":\"Updated_at\",\"searchable\":true,\"sortable\":true}}},\"layouts\":{\"list\":[\"id\",\"action\",\"subject\",\"created_at\"],\"editRelations\":[\"role\"],\"edit\":[[{\"name\":\"action\",\"size\":6},{\"name\":\"subject\",\"size\":6}],[{\"name\":\"fields\",\"size\":12}],[{\"name\":\"conditions\",\"size\":12}]]}}','object','',''),(13,'plugin_content_manager_configuration_content_types::strapi::role','{\"uid\":\"strapi::role\",\"settings\":{\"bulkable\":true,\"filterable\":true,\"searchable\":true,\"pageSize\":10,\"mainField\":\"name\",\"defaultSortBy\":\"name\",\"defaultSortOrder\":\"ASC\"},\"metadatas\":{\"id\":{\"edit\":{},\"list\":{\"label\":\"Id\",\"searchable\":true,\"sortable\":true}},\"name\":{\"edit\":{\"label\":\"Name\",\"description\":\"\",\"placeholder\":\"\",\"visible\":true,\"editable\":true},\"list\":{\"label\":\"Name\",\"searchable\":true,\"sortable\":true}},\"code\":{\"edit\":{\"label\":\"Code\",\"description\":\"\",\"placeholder\":\"\",\"visible\":true,\"editable\":true},\"list\":{\"label\":\"Code\",\"searchable\":true,\"sortable\":true}},\"description\":{\"edit\":{\"label\":\"Description\",\"description\":\"\",\"placeholder\":\"\",\"visible\":true,\"editable\":true},\"list\":{\"label\":\"Description\",\"searchable\":true,\"sortable\":true}},\"users\":{\"edit\":{\"label\":\"Users\",\"description\":\"\",\"placeholder\":\"\",\"visible\":true,\"editable\":true,\"mainField\":\"firstname\"},\"list\":{\"label\":\"Users\",\"searchable\":false,\"sortable\":false}},\"permissions\":{\"edit\":{\"label\":\"Permissions\",\"description\":\"\",\"placeholder\":\"\",\"visible\":true,\"editable\":true,\"mainField\":\"action\"},\"list\":{\"label\":\"Permissions\",\"searchable\":false,\"sortable\":false}},\"created_at\":{\"edit\":{\"label\":\"Created_at\",\"description\":\"\",\"placeholder\":\"\",\"visible\":false,\"editable\":true},\"list\":{\"label\":\"Created_at\",\"searchable\":true,\"sortable\":true}},\"updated_at\":{\"edit\":{\"label\":\"Updated_at\",\"description\":\"\",\"placeholder\":\"\",\"visible\":false,\"editable\":true},\"list\":{\"label\":\"Updated_at\",\"searchable\":true,\"sortable\":true}}},\"layouts\":{\"list\":[\"id\",\"name\",\"code\",\"description\"],\"editRelations\":[\"users\",\"permissions\"],\"edit\":[[{\"name\":\"name\",\"size\":6},{\"name\":\"code\",\"size\":6}],[{\"name\":\"description\",\"size\":6}]]}}','object','',''),(14,'plugin_content_manager_configuration_content_types::plugins::users-permissions.role','{\"uid\":\"plugins::users-permissions.role\",\"settings\":{\"bulkable\":true,\"filterable\":true,\"searchable\":true,\"pageSize\":10,\"mainField\":\"name\",\"defaultSortBy\":\"name\",\"defaultSortOrder\":\"ASC\"},\"metadatas\":{\"id\":{\"edit\":{},\"list\":{\"label\":\"Id\",\"searchable\":true,\"sortable\":true}},\"name\":{\"edit\":{\"label\":\"Name\",\"description\":\"\",\"placeholder\":\"\",\"visible\":true,\"editable\":true},\"list\":{\"label\":\"Name\",\"searchable\":true,\"sortable\":true}},\"description\":{\"edit\":{\"label\":\"Description\",\"description\":\"\",\"placeholder\":\"\",\"visible\":true,\"editable\":true},\"list\":{\"label\":\"Description\",\"searchable\":true,\"sortable\":true}},\"type\":{\"edit\":{\"label\":\"Type\",\"description\":\"\",\"placeholder\":\"\",\"visible\":true,\"editable\":true},\"list\":{\"label\":\"Type\",\"searchable\":true,\"sortable\":true}},\"permissions\":{\"edit\":{\"label\":\"Permissions\",\"description\":\"\",\"placeholder\":\"\",\"visible\":true,\"editable\":true,\"mainField\":\"type\"},\"list\":{\"label\":\"Permissions\",\"searchable\":false,\"sortable\":false}},\"users\":{\"edit\":{\"label\":\"Users\",\"description\":\"\",\"placeholder\":\"\",\"visible\":true,\"editable\":true,\"mainField\":\"username\"},\"list\":{\"label\":\"Users\",\"searchable\":false,\"sortable\":false}}},\"layouts\":{\"list\":[\"id\",\"name\",\"description\",\"type\"],\"editRelations\":[\"permissions\",\"users\"],\"edit\":[[{\"name\":\"name\",\"size\":6},{\"name\":\"description\",\"size\":6}],[{\"name\":\"type\",\"size\":6}]]}}','object','',''),(15,'plugin_content_manager_configuration_content_types::plugins::upload.file','{\"uid\":\"plugins::upload.file\",\"settings\":{\"bulkable\":true,\"filterable\":true,\"searchable\":true,\"pageSize\":10,\"mainField\":\"name\",\"defaultSortBy\":\"name\",\"defaultSortOrder\":\"ASC\"},\"metadatas\":{\"id\":{\"edit\":{},\"list\":{\"label\":\"Id\",\"searchable\":true,\"sortable\":true}},\"name\":{\"edit\":{\"label\":\"Name\",\"description\":\"\",\"placeholder\":\"\",\"visible\":true,\"editable\":true},\"list\":{\"label\":\"Name\",\"searchable\":true,\"sortable\":true}},\"alternativeText\":{\"edit\":{\"label\":\"AlternativeText\",\"description\":\"\",\"placeholder\":\"\",\"visible\":true,\"editable\":true},\"list\":{\"label\":\"AlternativeText\",\"searchable\":true,\"sortable\":true}},\"caption\":{\"edit\":{\"label\":\"Caption\",\"description\":\"\",\"placeholder\":\"\",\"visible\":true,\"editable\":true},\"list\":{\"label\":\"Caption\",\"searchable\":true,\"sortable\":true}},\"width\":{\"edit\":{\"label\":\"Width\",\"description\":\"\",\"placeholder\":\"\",\"visible\":true,\"editable\":true},\"list\":{\"label\":\"Width\",\"searchable\":true,\"sortable\":true}},\"height\":{\"edit\":{\"label\":\"Height\",\"description\":\"\",\"placeholder\":\"\",\"visible\":true,\"editable\":true},\"list\":{\"label\":\"Height\",\"searchable\":true,\"sortable\":true}},\"formats\":{\"edit\":{\"label\":\"Formats\",\"description\":\"\",\"placeholder\":\"\",\"visible\":true,\"editable\":true},\"list\":{\"label\":\"Formats\",\"searchable\":false,\"sortable\":false}},\"hash\":{\"edit\":{\"label\":\"Hash\",\"description\":\"\",\"placeholder\":\"\",\"visible\":true,\"editable\":true},\"list\":{\"label\":\"Hash\",\"searchable\":true,\"sortable\":true}},\"ext\":{\"edit\":{\"label\":\"Ext\",\"description\":\"\",\"placeholder\":\"\",\"visible\":true,\"editable\":true},\"list\":{\"label\":\"Ext\",\"searchable\":true,\"sortable\":true}},\"mime\":{\"edit\":{\"label\":\"Mime\",\"description\":\"\",\"placeholder\":\"\",\"visible\":true,\"editable\":true},\"list\":{\"label\":\"Mime\",\"searchable\":true,\"sortable\":true}},\"size\":{\"edit\":{\"label\":\"Size\",\"description\":\"\",\"placeholder\":\"\",\"visible\":true,\"editable\":true},\"list\":{\"label\":\"Size\",\"searchable\":true,\"sortable\":true}},\"url\":{\"edit\":{\"label\":\"Url\",\"description\":\"\",\"placeholder\":\"\",\"visible\":true,\"editable\":true},\"list\":{\"label\":\"Url\",\"searchable\":true,\"sortable\":true}},\"previewUrl\":{\"edit\":{\"label\":\"PreviewUrl\",\"description\":\"\",\"placeholder\":\"\",\"visible\":true,\"editable\":true},\"list\":{\"label\":\"PreviewUrl\",\"searchable\":true,\"sortable\":true}},\"provider\":{\"edit\":{\"label\":\"Provider\",\"description\":\"\",\"placeholder\":\"\",\"visible\":true,\"editable\":true},\"list\":{\"label\":\"Provider\",\"searchable\":true,\"sortable\":true}},\"provider_metadata\":{\"edit\":{\"label\":\"Provider_metadata\",\"description\":\"\",\"placeholder\":\"\",\"visible\":true,\"editable\":true},\"list\":{\"label\":\"Provider_metadata\",\"searchable\":false,\"sortable\":false}},\"related\":{\"edit\":{\"label\":\"Related\",\"description\":\"\",\"placeholder\":\"\",\"visible\":true,\"editable\":true,\"mainField\":\"id\"},\"list\":{\"label\":\"Related\",\"searchable\":false,\"sortable\":false}},\"created_at\":{\"edit\":{\"label\":\"Created_at\",\"description\":\"\",\"placeholder\":\"\",\"visible\":false,\"editable\":true},\"list\":{\"label\":\"Created_at\",\"searchable\":true,\"sortable\":true}},\"updated_at\":{\"edit\":{\"label\":\"Updated_at\",\"description\":\"\",\"placeholder\":\"\",\"visible\":false,\"editable\":true},\"list\":{\"label\":\"Updated_at\",\"searchable\":true,\"sortable\":true}}},\"layouts\":{\"list\":[\"id\",\"name\",\"alternativeText\",\"caption\"],\"editRelations\":[\"related\"],\"edit\":[[{\"name\":\"name\",\"size\":6},{\"name\":\"alternativeText\",\"size\":6}],[{\"name\":\"caption\",\"size\":6},{\"name\":\"width\",\"size\":4}],[{\"name\":\"height\",\"size\":4}],[{\"name\":\"formats\",\"size\":12}],[{\"name\":\"hash\",\"size\":6},{\"name\":\"ext\",\"size\":6}],[{\"name\":\"mime\",\"size\":6},{\"name\":\"size\",\"size\":4}],[{\"name\":\"url\",\"size\":6},{\"name\":\"previewUrl\",\"size\":6}],[{\"name\":\"provider\",\"size\":6}],[{\"name\":\"provider_metadata\",\"size\":12}]]}}','object','',''),(16,'plugin_content_manager_configuration_content_types::plugins::users-permissions.user','{\"uid\":\"plugins::users-permissions.user\",\"settings\":{\"bulkable\":true,\"filterable\":true,\"searchable\":true,\"pageSize\":10,\"mainField\":\"username\",\"defaultSortBy\":\"username\",\"defaultSortOrder\":\"ASC\"},\"metadatas\":{\"id\":{\"edit\":{},\"list\":{\"label\":\"Id\",\"searchable\":true,\"sortable\":true}},\"username\":{\"edit\":{\"label\":\"Username\",\"description\":\"\",\"placeholder\":\"\",\"visible\":true,\"editable\":true},\"list\":{\"label\":\"Username\",\"searchable\":true,\"sortable\":true}},\"email\":{\"edit\":{\"label\":\"Email\",\"description\":\"\",\"placeholder\":\"\",\"visible\":true,\"editable\":true},\"list\":{\"label\":\"Email\",\"searchable\":true,\"sortable\":true}},\"provider\":{\"edit\":{\"label\":\"Provider\",\"description\":\"\",\"placeholder\":\"\",\"visible\":false,\"editable\":true},\"list\":{\"label\":\"Provider\",\"searchable\":true,\"sortable\":true}},\"password\":{\"edit\":{\"label\":\"Password\",\"description\":\"\",\"placeholder\":\"\",\"visible\":true,\"editable\":true},\"list\":{\"label\":\"Password\",\"searchable\":true,\"sortable\":true}},\"resetPasswordToken\":{\"edit\":{\"label\":\"ResetPasswordToken\",\"description\":\"\",\"placeholder\":\"\",\"visible\":false,\"editable\":true},\"list\":{\"label\":\"ResetPasswordToken\",\"searchable\":true,\"sortable\":true}},\"confirmationToken\":{\"edit\":{\"label\":\"ConfirmationToken\",\"description\":\"\",\"placeholder\":\"\",\"visible\":false,\"editable\":true},\"list\":{\"label\":\"ConfirmationToken\",\"searchable\":true,\"sortable\":true}},\"confirmed\":{\"edit\":{\"label\":\"Confirmed\",\"description\":\"\",\"placeholder\":\"\",\"visible\":true,\"editable\":true},\"list\":{\"label\":\"Confirmed\",\"searchable\":true,\"sortable\":true}},\"blocked\":{\"edit\":{\"label\":\"Blocked\",\"description\":\"\",\"placeholder\":\"\",\"visible\":true,\"editable\":true},\"list\":{\"label\":\"Blocked\",\"searchable\":true,\"sortable\":true}},\"role\":{\"edit\":{\"label\":\"Role\",\"description\":\"\",\"placeholder\":\"\",\"visible\":true,\"editable\":true,\"mainField\":\"name\"},\"list\":{\"label\":\"Role\",\"searchable\":false,\"sortable\":false}},\"created_at\":{\"edit\":{\"label\":\"Created_at\",\"description\":\"\",\"placeholder\":\"\",\"visible\":false,\"editable\":true},\"list\":{\"label\":\"Created_at\",\"searchable\":true,\"sortable\":true}},\"updated_at\":{\"edit\":{\"label\":\"Updated_at\",\"description\":\"\",\"placeholder\":\"\",\"visible\":false,\"editable\":true},\"list\":{\"label\":\"Updated_at\",\"searchable\":true,\"sortable\":true}}},\"layouts\":{\"list\":[\"id\",\"username\",\"email\",\"confirmed\"],\"editRelations\":[\"role\"],\"edit\":[[{\"name\":\"username\",\"size\":6},{\"name\":\"email\",\"size\":6}],[{\"name\":\"password\",\"size\":6},{\"name\":\"confirmed\",\"size\":4}],[{\"name\":\"blocked\",\"size\":4}]]}}','object','',''),(17,'plugin_content_manager_configuration_content_types::plugins::users-permissions.permission','{\"uid\":\"plugins::users-permissions.permission\",\"settings\":{\"bulkable\":true,\"filterable\":true,\"searchable\":true,\"pageSize\":10,\"mainField\":\"type\",\"defaultSortBy\":\"type\",\"defaultSortOrder\":\"ASC\"},\"metadatas\":{\"id\":{\"edit\":{},\"list\":{\"label\":\"Id\",\"searchable\":true,\"sortable\":true}},\"type\":{\"edit\":{\"label\":\"Type\",\"description\":\"\",\"placeholder\":\"\",\"visible\":true,\"editable\":true},\"list\":{\"label\":\"Type\",\"searchable\":true,\"sortable\":true}},\"controller\":{\"edit\":{\"label\":\"Controller\",\"description\":\"\",\"placeholder\":\"\",\"visible\":true,\"editable\":true},\"list\":{\"label\":\"Controller\",\"searchable\":true,\"sortable\":true}},\"action\":{\"edit\":{\"label\":\"Action\",\"description\":\"\",\"placeholder\":\"\",\"visible\":true,\"editable\":true},\"list\":{\"label\":\"Action\",\"searchable\":true,\"sortable\":true}},\"enabled\":{\"edit\":{\"label\":\"Enabled\",\"description\":\"\",\"placeholder\":\"\",\"visible\":true,\"editable\":true},\"list\":{\"label\":\"Enabled\",\"searchable\":true,\"sortable\":true}},\"policy\":{\"edit\":{\"label\":\"Policy\",\"description\":\"\",\"placeholder\":\"\",\"visible\":true,\"editable\":true},\"list\":{\"label\":\"Policy\",\"searchable\":true,\"sortable\":true}},\"role\":{\"edit\":{\"label\":\"Role\",\"description\":\"\",\"placeholder\":\"\",\"visible\":true,\"editable\":true,\"mainField\":\"name\"},\"list\":{\"label\":\"Role\",\"searchable\":false,\"sortable\":false}}},\"layouts\":{\"list\":[\"id\",\"type\",\"controller\",\"action\"],\"editRelations\":[\"role\"],\"edit\":[[{\"name\":\"type\",\"size\":6},{\"name\":\"controller\",\"size\":6}],[{\"name\":\"action\",\"size\":6},{\"name\":\"enabled\",\"size\":4}],[{\"name\":\"policy\",\"size\":6}]]}}','object','',''),(18,'plugin_content_manager_configuration_content_types::strapi::user','{\"uid\":\"strapi::user\",\"settings\":{\"bulkable\":true,\"filterable\":true,\"searchable\":true,\"pageSize\":10,\"mainField\":\"firstname\",\"defaultSortBy\":\"firstname\",\"defaultSortOrder\":\"ASC\"},\"metadatas\":{\"id\":{\"edit\":{},\"list\":{\"label\":\"Id\",\"searchable\":true,\"sortable\":true}},\"firstname\":{\"edit\":{\"label\":\"Firstname\",\"description\":\"\",\"placeholder\":\"\",\"visible\":true,\"editable\":true},\"list\":{\"label\":\"Firstname\",\"searchable\":true,\"sortable\":true}},\"lastname\":{\"edit\":{\"label\":\"Lastname\",\"description\":\"\",\"placeholder\":\"\",\"visible\":true,\"editable\":true},\"list\":{\"label\":\"Lastname\",\"searchable\":true,\"sortable\":true}},\"username\":{\"edit\":{\"label\":\"Username\",\"description\":\"\",\"placeholder\":\"\",\"visible\":true,\"editable\":true},\"list\":{\"label\":\"Username\",\"searchable\":true,\"sortable\":true}},\"email\":{\"edit\":{\"label\":\"Email\",\"description\":\"\",\"placeholder\":\"\",\"visible\":true,\"editable\":true},\"list\":{\"label\":\"Email\",\"searchable\":true,\"sortable\":true}},\"password\":{\"edit\":{\"label\":\"Password\",\"description\":\"\",\"placeholder\":\"\",\"visible\":true,\"editable\":true},\"list\":{\"label\":\"Password\",\"searchable\":true,\"sortable\":true}},\"resetPasswordToken\":{\"edit\":{\"label\":\"ResetPasswordToken\",\"description\":\"\",\"placeholder\":\"\",\"visible\":true,\"editable\":true},\"list\":{\"label\":\"ResetPasswordToken\",\"searchable\":true,\"sortable\":true}},\"registrationToken\":{\"edit\":{\"label\":\"RegistrationToken\",\"description\":\"\",\"placeholder\":\"\",\"visible\":true,\"editable\":true},\"list\":{\"label\":\"RegistrationToken\",\"searchable\":true,\"sortable\":true}},\"isActive\":{\"edit\":{\"label\":\"IsActive\",\"description\":\"\",\"placeholder\":\"\",\"visible\":true,\"editable\":true},\"list\":{\"label\":\"IsActive\",\"searchable\":true,\"sortable\":true}},\"roles\":{\"edit\":{\"label\":\"Roles\",\"description\":\"\",\"placeholder\":\"\",\"visible\":true,\"editable\":true,\"mainField\":\"name\"},\"list\":{\"label\":\"Roles\",\"searchable\":false,\"sortable\":false}},\"blocked\":{\"edit\":{\"label\":\"Blocked\",\"description\":\"\",\"placeholder\":\"\",\"visible\":true,\"editable\":true},\"list\":{\"label\":\"Blocked\",\"searchable\":true,\"sortable\":true}}},\"layouts\":{\"list\":[\"id\",\"firstname\",\"lastname\",\"username\"],\"editRelations\":[\"roles\"],\"edit\":[[{\"name\":\"firstname\",\"size\":6},{\"name\":\"lastname\",\"size\":6}],[{\"name\":\"username\",\"size\":6},{\"name\":\"email\",\"size\":6}],[{\"name\":\"password\",\"size\":6},{\"name\":\"resetPasswordToken\",\"size\":6}],[{\"name\":\"registrationToken\",\"size\":6},{\"name\":\"isActive\",\"size\":4}],[{\"name\":\"blocked\",\"size\":4}]]}}','object','',''),(19,'plugin_users-permissions_email','{\"reset_password\":{\"display\":\"Email.template.reset_password\",\"icon\":\"sync\",\"options\":{\"from\":{\"name\":\"Administration Panel\",\"email\":\"no-reply@strapi.io\"},\"response_email\":\"\",\"object\":\"Reset password\",\"message\":\"<p>We heard that you lost your password. Sorry about that!</p>\\n\\n<p>But don’t worry! You can use the following link to reset your password:</p>\\n<p><%= URL %>?code=<%= TOKEN %></p>\\n\\n<p>Thanks.</p>\"}},\"email_confirmation\":{\"display\":\"Email.template.email_confirmation\",\"icon\":\"check-square\",\"options\":{\"from\":{\"name\":\"Administration Panel\",\"email\":\"no-reply@strapi.io\"},\"response_email\":\"\",\"object\":\"Account confirmation\",\"message\":\"<p>Thank you for registering!</p>\\n\\n<p>You have to confirm your email address. Please click on the link below.</p>\\n\\n<p><%= URL %>?confirmation=<%= CODE %></p>\\n\\n<p>Thanks.</p>\"}}}','object','',''),(20,'plugin_users-permissions_advanced','{\"unique_email\":true,\"allow_register\":true,\"email_confirmation\":false,\"email_reset_password\":null,\"email_confirmation_redirection\":null,\"default_role\":\"authenticated\"}','object','',''),(21,'model_def_blog.blog','{\"uid\":\"blog.blog\",\"collectionName\":\"components_blog_blogs\",\"info\":{\"name\":\"blog\",\"icon\":\"feather-alt\"},\"options\":{\"timestamps\":false},\"attributes\":{\"title\":{\"type\":\"string\"},\"createdAt\":{\"type\":\"date\"},\"publishAt\":{\"type\":\"date\"},\"content\":{\"type\":\"richtext\"}}}','object',NULL,NULL),(23,'model_def_application::footer.footer','{\"uid\":\"application::footer.footer\",\"collectionName\":\"footers\",\"kind\":\"singleType\",\"info\":{\"name\":\"footer\"},\"options\":{\"increments\":true,\"timestamps\":[\"created_at\",\"updated_at\"],\"draftAndPublish\":true},\"attributes\":{\"content\":{\"type\":\"richtext\"},\"published_at\":{\"type\":\"datetime\",\"configurable\":false},\"created_by\":{\"model\":\"user\",\"plugin\":\"admin\",\"configurable\":false,\"writable\":false,\"private\":true},\"updated_by\":{\"model\":\"user\",\"plugin\":\"admin\",\"configurable\":false,\"writable\":false,\"private\":true}}}','object',NULL,NULL),(24,'plugin_content_manager_configuration_content_types::application::footer.footer','{\"uid\":\"application::footer.footer\",\"settings\":{\"bulkable\":true,\"filterable\":true,\"searchable\":true,\"pageSize\":10,\"mainField\":\"id\",\"defaultSortBy\":\"id\",\"defaultSortOrder\":\"ASC\"},\"metadatas\":{\"id\":{\"edit\":{},\"list\":{\"label\":\"Id\",\"searchable\":true,\"sortable\":true}},\"content\":{\"edit\":{\"label\":\"Content\",\"description\":\"\",\"placeholder\":\"\",\"visible\":true,\"editable\":true},\"list\":{\"label\":\"Content\",\"searchable\":false,\"sortable\":false}},\"published_at\":{\"edit\":{\"label\":\"Published_at\",\"description\":\"\",\"placeholder\":\"\",\"visible\":false,\"editable\":true},\"list\":{\"label\":\"Published_at\",\"searchable\":true,\"sortable\":true}},\"created_at\":{\"edit\":{\"label\":\"Created_at\",\"description\":\"\",\"placeholder\":\"\",\"visible\":false,\"editable\":true},\"list\":{\"label\":\"Created_at\",\"searchable\":true,\"sortable\":true}},\"updated_at\":{\"edit\":{\"label\":\"Updated_at\",\"description\":\"\",\"placeholder\":\"\",\"visible\":false,\"editable\":true},\"list\":{\"label\":\"Updated_at\",\"searchable\":true,\"sortable\":true}}},\"layouts\":{\"list\":[\"id\",\"published_at\",\"created_at\",\"updated_at\"],\"editRelations\":[],\"edit\":[[{\"name\":\"content\",\"size\":12}]]}}','object','',''),(25,'model_def_blog.author','{\"uid\":\"blog.author\",\"collectionName\":\"components_blog_authors\",\"info\":{\"name\":\"author\",\"icon\":\"meh\"},\"options\":{\"timestamps\":false},\"attributes\":{\"Name\":{\"type\":\"string\"},\"picture\":{\"model\":\"file\",\"via\":\"related\",\"allowedTypes\":[\"images\",\"files\",\"videos\"],\"plugin\":\"upload\",\"required\":false}}}','object',NULL,NULL),(26,'plugin_content_manager_configuration_components::blog.author','{\"uid\":\"blog.author\",\"isComponent\":true,\"settings\":{\"bulkable\":true,\"filterable\":true,\"searchable\":true,\"pageSize\":10,\"mainField\":\"Name\",\"defaultSortBy\":\"Name\",\"defaultSortOrder\":\"ASC\"},\"metadatas\":{\"id\":{\"edit\":{},\"list\":{\"label\":\"Id\",\"searchable\":false,\"sortable\":false}},\"Name\":{\"edit\":{\"label\":\"Name\",\"description\":\"\",\"placeholder\":\"\",\"visible\":true,\"editable\":true},\"list\":{\"label\":\"Name\",\"searchable\":true,\"sortable\":true}},\"picture\":{\"edit\":{\"label\":\"Picture\",\"description\":\"\",\"placeholder\":\"\",\"visible\":true,\"editable\":true},\"list\":{\"label\":\"Picture\",\"searchable\":false,\"sortable\":false}}},\"layouts\":{\"list\":[\"id\",\"Name\",\"picture\"],\"edit\":[[{\"name\":\"Name\",\"size\":6},{\"name\":\"picture\",\"size\":6}]],\"editRelations\":[]}}','object','',''),(27,'model_def_application::blog-post.blog-post','{\"uid\":\"application::blog-post.blog-post\",\"collectionName\":\"blog\",\"kind\":\"collectionType\",\"info\":{\"name\":\"blog post\",\"description\":\"\"},\"options\":{\"increments\":true,\"timestamps\":[\"created_at\",\"updated_at\"],\"draftAndPublish\":true},\"attributes\":{\"title\":{\"type\":\"string\"},\"createdAt\":{\"type\":\"date\"},\"content\":{\"type\":\"richtext\"},\"test\":{\"type\":\"dynamiczone\",\"components\":[\"blog.author\",\"blog.custom-meta\"]},\"published_at\":{\"type\":\"datetime\",\"configurable\":false},\"created_by\":{\"model\":\"user\",\"plugin\":\"admin\",\"configurable\":false,\"writable\":false,\"private\":true},\"updated_by\":{\"model\":\"user\",\"plugin\":\"admin\",\"configurable\":false,\"writable\":false,\"private\":true}}}','object',NULL,NULL),(28,'plugin_content_manager_configuration_content_types::application::blog-post.blog-post','{\"uid\":\"application::blog-post.blog-post\",\"settings\":{\"bulkable\":true,\"filterable\":true,\"searchable\":true,\"pageSize\":10,\"mainField\":\"title\",\"defaultSortBy\":\"title\",\"defaultSortOrder\":\"ASC\"},\"metadatas\":{\"id\":{\"edit\":{},\"list\":{\"label\":\"Id\",\"searchable\":true,\"sortable\":true}},\"title\":{\"edit\":{\"label\":\"Title\",\"description\":\"\",\"placeholder\":\"\",\"visible\":true,\"editable\":true},\"list\":{\"label\":\"Title\",\"searchable\":true,\"sortable\":true}},\"createdAt\":{\"edit\":{\"label\":\"CreatedAt\",\"description\":\"\",\"placeholder\":\"\",\"visible\":true,\"editable\":true},\"list\":{\"label\":\"CreatedAt\",\"searchable\":true,\"sortable\":true}},\"content\":{\"edit\":{\"label\":\"Content\",\"description\":\"\",\"placeholder\":\"\",\"visible\":true,\"editable\":true},\"list\":{\"label\":\"Content\",\"searchable\":false,\"sortable\":false}},\"test\":{\"edit\":{\"label\":\"Test\",\"description\":\"\",\"placeholder\":\"\",\"visible\":true,\"editable\":true},\"list\":{\"label\":\"Test\",\"searchable\":false,\"sortable\":false}},\"published_at\":{\"edit\":{\"label\":\"Published_at\",\"description\":\"\",\"placeholder\":\"\",\"visible\":false,\"editable\":true},\"list\":{\"label\":\"Published_at\",\"searchable\":true,\"sortable\":true}},\"created_at\":{\"edit\":{\"label\":\"Created_at\",\"description\":\"\",\"placeholder\":\"\",\"visible\":false,\"editable\":true},\"list\":{\"label\":\"Created_at\",\"searchable\":true,\"sortable\":true}},\"updated_at\":{\"edit\":{\"label\":\"Updated_at\",\"description\":\"\",\"placeholder\":\"\",\"visible\":false,\"editable\":true},\"list\":{\"label\":\"Updated_at\",\"searchable\":true,\"sortable\":true}}},\"layouts\":{\"list\":[\"id\",\"createdAt\",\"published_at\",\"title\"],\"edit\":[[{\"name\":\"createdAt\",\"size\":4}],[{\"name\":\"content\",\"size\":12}],[{\"name\":\"test\",\"size\":12}],[{\"name\":\"title\",\"size\":6}]],\"editRelations\":[]}}','object','',''),(29,'model_def_blog.custom-meta','{\"uid\":\"blog.custom-meta\",\"collectionName\":\"components_blog_custom_metas\",\"info\":{\"name\":\"custom-meta\",\"icon\":\"rss-square\"},\"options\":{\"timestamps\":false},\"attributes\":{\"key\":{\"type\":\"string\"},\"value\":{\"type\":\"string\"}}}','object',NULL,NULL),(30,'plugin_content_manager_configuration_components::blog.custom-meta','{\"uid\":\"blog.custom-meta\",\"isComponent\":true,\"settings\":{\"bulkable\":true,\"filterable\":true,\"searchable\":true,\"pageSize\":10,\"mainField\":\"key\",\"defaultSortBy\":\"key\",\"defaultSortOrder\":\"ASC\"},\"metadatas\":{\"id\":{\"edit\":{},\"list\":{\"label\":\"Id\",\"searchable\":false,\"sortable\":false}},\"key\":{\"edit\":{\"label\":\"Key\",\"description\":\"\",\"placeholder\":\"\",\"visible\":true,\"editable\":true},\"list\":{\"label\":\"Key\",\"searchable\":true,\"sortable\":true}},\"value\":{\"edit\":{\"label\":\"Value\",\"description\":\"\",\"placeholder\":\"\",\"visible\":true,\"editable\":true},\"list\":{\"label\":\"Value\",\"searchable\":true,\"sortable\":true}}},\"layouts\":{\"list\":[\"id\",\"key\",\"value\"],\"edit\":[[{\"name\":\"key\",\"size\":6},{\"name\":\"value\",\"size\":6}]],\"editRelations\":[]}}','object','',''),(31,'model_def_blog.meta','{\"uid\":\"blog.meta\",\"collectionName\":\"components_blog_metas\",\"info\":{\"name\":\"meta\",\"icon\":\"asterisk\"},\"options\":{\"timestamps\":false},\"attributes\":{}}','object',NULL,NULL);
/*!40000 ALTER TABLE `core_store` ENABLE KEYS */;
UNLOCK TABLES;

--
-- Table structure for table `footers`
--

DROP TABLE IF EXISTS `footers`;
/*!40101 SET @saved_cs_client     = @@character_set_client */;
/*!40101 SET character_set_client = utf8 */;
CREATE TABLE `footers` (
  `id` int(10) unsigned NOT NULL AUTO_INCREMENT,
  `content` longtext,
  `published_at` datetime DEFAULT NULL,
  `created_by` int(11) DEFAULT NULL,
  `updated_by` int(11) DEFAULT NULL,
  `created_at` timestamp NULL DEFAULT CURRENT_TIMESTAMP,
  `updated_at` timestamp NULL DEFAULT CURRENT_TIMESTAMP,
  PRIMARY KEY (`id`)
) ENGINE=InnoDB DEFAULT CHARSET=latin1;
/*!40101 SET character_set_client = @saved_cs_client */;

--
-- Dumping data for table `footers`
--

LOCK TABLES `footers` WRITE;
/*!40000 ALTER TABLE `footers` DISABLE KEYS */;
/*!40000 ALTER TABLE `footers` ENABLE KEYS */;
UNLOCK TABLES;

--
-- Table structure for table `strapi_administrator`
--

DROP TABLE IF EXISTS `strapi_administrator`;
/*!40101 SET @saved_cs_client     = @@character_set_client */;
/*!40101 SET character_set_client = utf8 */;
CREATE TABLE `strapi_administrator` (
  `id` int(10) unsigned NOT NULL AUTO_INCREMENT,
  `firstname` varchar(255) DEFAULT NULL,
  `lastname` varchar(255) DEFAULT NULL,
  `username` varchar(255) DEFAULT NULL,
  `email` varchar(255) NOT NULL,
  `password` varchar(255) DEFAULT NULL,
  `resetPasswordToken` varchar(255) DEFAULT NULL,
  `registrationToken` varchar(255) DEFAULT NULL,
  `isActive` tinyint(1) DEFAULT NULL,
  `blocked` tinyint(1) DEFAULT NULL,
  PRIMARY KEY (`id`),
  UNIQUE KEY `strapi_administrator_email_unique` (`email`)
) ENGINE=InnoDB AUTO_INCREMENT=2 DEFAULT CHARSET=latin1;
/*!40101 SET character_set_client = @saved_cs_client */;

--
-- Dumping data for table `strapi_administrator`
--

LOCK TABLES `strapi_administrator` WRITE;
/*!40000 ALTER TABLE `strapi_administrator` DISABLE KEYS */;
INSERT INTO `strapi_administrator` VALUES (1,'Admin','Admin','admin','admin@spinbits.io','$2a$10$4CvNVGQqJLTZcb7KFZA0OObLxCUGMzaJJ3P6pHwqGefUzNJ/36IZG',NULL,NULL,1,NULL);
/*!40000 ALTER TABLE `strapi_administrator` ENABLE KEYS */;
UNLOCK TABLES;

--
-- Table structure for table `strapi_permission`
--

DROP TABLE IF EXISTS `strapi_permission`;
/*!40101 SET @saved_cs_client     = @@character_set_client */;
/*!40101 SET character_set_client = utf8 */;
CREATE TABLE `strapi_permission` (
  `id` int(10) unsigned NOT NULL AUTO_INCREMENT,
  `action` varchar(255) NOT NULL,
  `subject` varchar(255) DEFAULT NULL,
  `fields` longtext,
  `conditions` longtext,
  `role` int(11) DEFAULT NULL,
  `created_at` timestamp NULL DEFAULT CURRENT_TIMESTAMP,
  `updated_at` timestamp NULL DEFAULT CURRENT_TIMESTAMP,
  PRIMARY KEY (`id`)
) ENGINE=InnoDB AUTO_INCREMENT=69 DEFAULT CHARSET=latin1;
/*!40101 SET character_set_client = @saved_cs_client */;

--
-- Dumping data for table `strapi_permission`
--

LOCK TABLES `strapi_permission` WRITE;
/*!40000 ALTER TABLE `strapi_permission` DISABLE KEYS */;
INSERT INTO `strapi_permission` VALUES (1,'plugins::upload.read',NULL,NULL,'[]',2,'2020-11-03 14:04:56','2020-11-03 14:04:56'),(2,'plugins::upload.assets.create',NULL,NULL,'[]',2,'2020-11-03 14:04:56','2020-11-03 14:04:56'),(3,'plugins::upload.assets.update',NULL,NULL,'[]',2,'2020-11-03 14:04:56','2020-11-03 14:04:56'),(4,'plugins::upload.assets.download',NULL,NULL,'[]',2,'2020-11-03 14:04:56','2020-11-03 14:04:56'),(5,'plugins::upload.assets.copy-link',NULL,NULL,'[]',2,'2020-11-03 14:04:56','2020-11-03 14:04:56'),(6,'plugins::upload.read',NULL,NULL,'[\"admin::is-creator\"]',3,'2020-11-03 14:04:56','2020-11-03 14:04:56'),(7,'plugins::upload.assets.create',NULL,NULL,'[]',3,'2020-11-03 14:04:56','2020-11-03 14:04:56'),(8,'plugins::upload.assets.update',NULL,NULL,'[\"admin::is-creator\"]',3,'2020-11-03 14:04:56','2020-11-03 14:04:56'),(9,'plugins::upload.assets.download',NULL,NULL,'[]',3,'2020-11-03 14:04:56','2020-11-03 14:04:56'),(10,'plugins::upload.assets.copy-link',NULL,NULL,'[]',3,'2020-11-03 14:04:56','2020-11-03 14:04:56'),(11,'plugins::content-manager.explorer.create','plugins::users-permissions.user','[\"username\",\"email\",\"provider\",\"password\",\"resetPasswordToken\",\"confirmationToken\",\"confirmed\",\"blocked\",\"role\"]','[]',1,'2020-11-03 14:04:56','2020-11-03 14:04:56'),(12,'plugins::content-manager.explorer.read','plugins::users-permissions.user','[\"username\",\"email\",\"provider\",\"password\",\"resetPasswordToken\",\"confirmationToken\",\"confirmed\",\"blocked\",\"role\"]','[]',1,'2020-11-03 14:04:56','2020-11-03 14:04:56'),(13,'plugins::content-manager.explorer.update','plugins::users-permissions.user','[\"username\",\"email\",\"provider\",\"password\",\"resetPasswordToken\",\"confirmationToken\",\"confirmed\",\"blocked\",\"role\"]','[]',1,'2020-11-03 14:04:56','2020-11-03 14:04:56'),(14,'plugins::content-manager.explorer.delete','plugins::users-permissions.user',NULL,'[]',1,'2020-11-03 14:04:56','2020-11-03 14:04:56'),(15,'plugins::content-type-builder.read',NULL,NULL,'[]',1,'2020-11-03 14:04:56','2020-11-03 14:04:56'),(16,'plugins::upload.read',NULL,NULL,'[]',1,'2020-11-03 14:04:56','2020-11-03 14:04:56'),(17,'plugins::upload.assets.create',NULL,NULL,'[]',1,'2020-11-03 14:04:56','2020-11-03 14:04:56'),(18,'plugins::upload.assets.update',NULL,NULL,'[]',1,'2020-11-03 14:04:56','2020-11-03 14:04:56'),(19,'plugins::upload.assets.download',NULL,NULL,'[]',1,'2020-11-03 14:04:56','2020-11-03 14:04:56'),(20,'plugins::upload.assets.copy-link',NULL,NULL,'[]',1,'2020-11-03 14:04:56','2020-11-03 14:04:56'),(21,'plugins::upload.settings.read',NULL,NULL,'[]',1,'2020-11-03 14:04:56','2020-11-03 14:04:56'),(22,'plugins::content-manager.single-types.configure-view',NULL,NULL,'[]',1,'2020-11-03 14:04:56','2020-11-03 14:04:56'),(23,'plugins::content-manager.collection-types.configure-view',NULL,NULL,'[]',1,'2020-11-03 14:04:56','2020-11-03 14:04:56'),(24,'plugins::content-manager.components.configure-layout',NULL,NULL,'[]',1,'2020-11-03 14:04:56','2020-11-03 14:04:56'),(25,'plugins::users-permissions.roles.create',NULL,NULL,'[]',1,'2020-11-03 14:04:56','2020-11-03 14:04:56'),(26,'plugins::users-permissions.roles.read',NULL,NULL,'[]',1,'2020-11-03 14:04:56','2020-11-03 14:04:56'),(27,'plugins::users-permissions.roles.update',NULL,NULL,'[]',1,'2020-11-03 14:04:56','2020-11-03 14:04:56'),(28,'plugins::users-permissions.roles.delete',NULL,NULL,'[]',1,'2020-11-03 14:04:56','2020-11-03 14:04:56'),(29,'plugins::users-permissions.providers.read',NULL,NULL,'[]',1,'2020-11-03 14:04:56','2020-11-03 14:04:56'),(30,'plugins::users-permissions.providers.update',NULL,NULL,'[]',1,'2020-11-03 14:04:56','2020-11-03 14:04:56'),(31,'plugins::users-permissions.email-templates.read',NULL,NULL,'[]',1,'2020-11-03 14:04:56','2020-11-03 14:04:56'),(32,'plugins::users-permissions.email-templates.update',NULL,NULL,'[]',1,'2020-11-03 14:04:56','2020-11-03 14:04:56'),(33,'plugins::users-permissions.advanced-settings.read',NULL,NULL,'[]',1,'2020-11-03 14:04:56','2020-11-03 14:04:56'),(34,'plugins::users-permissions.advanced-settings.update',NULL,NULL,'[]',1,'2020-11-03 14:04:56','2020-11-03 14:04:56'),(35,'admin::marketplace.read',NULL,NULL,'[]',1,'2020-11-03 14:04:56','2020-11-03 14:04:56'),(36,'admin::marketplace.plugins.install',NULL,NULL,'[]',1,'2020-11-03 14:04:56','2020-11-03 14:04:56'),(37,'admin::marketplace.plugins.uninstall',NULL,NULL,'[]',1,'2020-11-03 14:04:56','2020-11-03 14:04:56'),(38,'admin::webhooks.create',NULL,NULL,'[]',1,'2020-11-03 14:04:56','2020-11-03 14:04:56'),(39,'admin::webhooks.read',NULL,NULL,'[]',1,'2020-11-03 14:04:56','2020-11-03 14:04:56'),(40,'admin::webhooks.update',NULL,NULL,'[]',1,'2020-11-03 14:04:56','2020-11-03 14:04:56'),(41,'admin::webhooks.delete',NULL,NULL,'[]',1,'2020-11-03 14:04:56','2020-11-03 14:04:56'),(42,'admin::users.create',NULL,NULL,'[]',1,'2020-11-03 14:04:56','2020-11-03 14:04:56'),(43,'admin::users.read',NULL,NULL,'[]',1,'2020-11-03 14:04:56','2020-11-03 14:04:57'),(44,'admin::users.update',NULL,NULL,'[]',1,'2020-11-03 14:04:56','2020-11-03 14:04:57'),(45,'admin::users.delete',NULL,NULL,'[]',1,'2020-11-03 14:04:56','2020-11-03 14:04:57'),(46,'admin::roles.create',NULL,NULL,'[]',1,'2020-11-03 14:04:56','2020-11-03 14:04:57'),(47,'admin::roles.read',NULL,NULL,'[]',1,'2020-11-03 14:04:56','2020-11-03 14:04:57'),(48,'admin::roles.update',NULL,NULL,'[]',1,'2020-11-03 14:04:56','2020-11-03 14:04:57'),(49,'admin::roles.delete',NULL,NULL,'[]',1,'2020-11-03 14:04:56','2020-11-03 14:04:57'),(50,'plugins::content-manager.explorer.create','application::footer.footer','[\"content\"]','[]',1,'2020-11-03 14:47:45','2020-11-03 14:47:45'),(51,'plugins::content-manager.explorer.read','application::footer.footer','[\"content\"]','[]',1,'2020-11-03 14:47:45','2020-11-03 14:47:45'),(52,'plugins::content-manager.explorer.update','application::footer.footer','[\"content\"]','[]',1,'2020-11-03 14:47:45','2020-11-03 14:47:45'),(53,'plugins::content-manager.explorer.delete','application::footer.footer',NULL,'[]',1,'2020-11-03 14:47:45','2020-11-03 14:47:45'),(54,'plugins::content-manager.explorer.publish','application::footer.footer',NULL,'[]',1,'2020-11-03 14:47:45','2020-11-03 14:47:45'),(58,'plugins::content-manager.explorer.delete','application::blog-post.blog-post',NULL,'[]',1,'2020-11-03 14:52:45','2020-11-03 14:52:45'),(59,'plugins::content-manager.explorer.publish','application::blog-post.blog-post',NULL,'[]',1,'2020-11-03 14:52:45','2020-11-03 14:52:45'),(66,'plugins::content-manager.explorer.create','application::blog-post.blog-post','[\"title\",\"createdAt\",\"content\",\"test\"]','[]',1,'2020-11-03 15:59:43','2020-11-03 15:59:43'),(67,'plugins::content-manager.explorer.read','application::blog-post.blog-post','[\"title\",\"createdAt\",\"content\",\"test\"]','[]',1,'2020-11-03 15:59:43','2020-11-03 15:59:43'),(68,'plugins::content-manager.explorer.update','application::blog-post.blog-post','[\"title\",\"createdAt\",\"content\",\"test\"]','[]',1,'2020-11-03 15:59:43','2020-11-03 15:59:43');
/*!40000 ALTER TABLE `strapi_permission` ENABLE KEYS */;
UNLOCK TABLES;

--
-- Table structure for table `strapi_role`
--

DROP TABLE IF EXISTS `strapi_role`;
/*!40101 SET @saved_cs_client     = @@character_set_client */;
/*!40101 SET character_set_client = utf8 */;
CREATE TABLE `strapi_role` (
  `id` int(10) unsigned NOT NULL AUTO_INCREMENT,
  `name` varchar(255) NOT NULL,
  `code` varchar(255) NOT NULL,
  `description` varchar(255) DEFAULT NULL,
  `created_at` timestamp NULL DEFAULT CURRENT_TIMESTAMP,
  `updated_at` timestamp NULL DEFAULT CURRENT_TIMESTAMP,
  PRIMARY KEY (`id`),
  UNIQUE KEY `strapi_role_name_unique` (`name`),
  UNIQUE KEY `strapi_role_code_unique` (`code`)
) ENGINE=InnoDB AUTO_INCREMENT=4 DEFAULT CHARSET=latin1;
/*!40101 SET character_set_client = @saved_cs_client */;

--
-- Dumping data for table `strapi_role`
--

LOCK TABLES `strapi_role` WRITE;
/*!40000 ALTER TABLE `strapi_role` DISABLE KEYS */;
INSERT INTO `strapi_role` VALUES (1,'Super Admin','strapi-super-admin','Super Admins can access and manage all features and settings.','2020-11-03 14:04:56','2020-11-03 14:04:56'),(2,'Editor','strapi-editor','Editors can manage and publish contents including those of other users.','2020-11-03 14:04:56','2020-11-03 14:04:56'),(3,'Author','strapi-author','Authors can manage the content they have created.','2020-11-03 14:04:56','2020-11-03 14:04:56');
/*!40000 ALTER TABLE `strapi_role` ENABLE KEYS */;
UNLOCK TABLES;

--
-- Table structure for table `strapi_users_roles`
--

DROP TABLE IF EXISTS `strapi_users_roles`;
/*!40101 SET @saved_cs_client     = @@character_set_client */;
/*!40101 SET character_set_client = utf8 */;
CREATE TABLE `strapi_users_roles` (
  `id` int(10) unsigned NOT NULL AUTO_INCREMENT,
  `user_id` int(11) DEFAULT NULL,
  `role_id` int(11) DEFAULT NULL,
  PRIMARY KEY (`id`)
) ENGINE=InnoDB AUTO_INCREMENT=2 DEFAULT CHARSET=latin1;
/*!40101 SET character_set_client = @saved_cs_client */;

--
-- Dumping data for table `strapi_users_roles`
--

LOCK TABLES `strapi_users_roles` WRITE;
/*!40000 ALTER TABLE `strapi_users_roles` DISABLE KEYS */;
INSERT INTO `strapi_users_roles` VALUES (1,1,1);
/*!40000 ALTER TABLE `strapi_users_roles` ENABLE KEYS */;
UNLOCK TABLES;

--
-- Table structure for table `strapi_webhooks`
--

DROP TABLE IF EXISTS `strapi_webhooks`;
/*!40101 SET @saved_cs_client     = @@character_set_client */;
/*!40101 SET character_set_client = utf8 */;
CREATE TABLE `strapi_webhooks` (
  `id` int(10) unsigned NOT NULL AUTO_INCREMENT,
  `name` varchar(255) DEFAULT NULL,
  `url` longtext,
  `headers` longtext,
  `events` longtext,
  `enabled` tinyint(1) DEFAULT NULL,
  PRIMARY KEY (`id`)
) ENGINE=InnoDB DEFAULT CHARSET=latin1;
/*!40101 SET character_set_client = @saved_cs_client */;

--
-- Dumping data for table `strapi_webhooks`
--

LOCK TABLES `strapi_webhooks` WRITE;
/*!40000 ALTER TABLE `strapi_webhooks` DISABLE KEYS */;
/*!40000 ALTER TABLE `strapi_webhooks` ENABLE KEYS */;
UNLOCK TABLES;

--
-- Table structure for table `upload_file`
--

DROP TABLE IF EXISTS `upload_file`;
/*!40101 SET @saved_cs_client     = @@character_set_client */;
/*!40101 SET character_set_client = utf8 */;
CREATE TABLE `upload_file` (
  `id` int(10) unsigned NOT NULL AUTO_INCREMENT,
  `name` varchar(255) NOT NULL,
  `alternativeText` varchar(255) DEFAULT NULL,
  `caption` varchar(255) DEFAULT NULL,
  `width` int(11) DEFAULT NULL,
  `height` int(11) DEFAULT NULL,
  `formats` longtext,
  `hash` varchar(255) NOT NULL,
  `ext` varchar(255) DEFAULT NULL,
  `mime` varchar(255) NOT NULL,
  `size` decimal(10,2) NOT NULL,
  `url` varchar(255) NOT NULL,
  `previewUrl` varchar(255) DEFAULT NULL,
  `provider` varchar(255) NOT NULL,
  `provider_metadata` longtext,
  `created_by` int(11) DEFAULT NULL,
  `updated_by` int(11) DEFAULT NULL,
  `created_at` timestamp NULL DEFAULT CURRENT_TIMESTAMP,
  `updated_at` timestamp NULL DEFAULT CURRENT_TIMESTAMP,
  PRIMARY KEY (`id`)
) ENGINE=InnoDB DEFAULT CHARSET=latin1;
/*!40101 SET character_set_client = @saved_cs_client */;

--
-- Dumping data for table `upload_file`
--

LOCK TABLES `upload_file` WRITE;
/*!40000 ALTER TABLE `upload_file` DISABLE KEYS */;
/*!40000 ALTER TABLE `upload_file` ENABLE KEYS */;
UNLOCK TABLES;

--
-- Table structure for table `upload_file_morph`
--

DROP TABLE IF EXISTS `upload_file_morph`;
/*!40101 SET @saved_cs_client     = @@character_set_client */;
/*!40101 SET character_set_client = utf8 */;
CREATE TABLE `upload_file_morph` (
  `id` int(10) unsigned NOT NULL AUTO_INCREMENT,
  `upload_file_id` int(11) DEFAULT NULL,
  `related_id` int(11) DEFAULT NULL,
  `related_type` longtext,
  `field` longtext,
  `order` int(11) DEFAULT NULL,
  PRIMARY KEY (`id`)
) ENGINE=InnoDB DEFAULT CHARSET=latin1;
/*!40101 SET character_set_client = @saved_cs_client */;

--
-- Dumping data for table `upload_file_morph`
--

LOCK TABLES `upload_file_morph` WRITE;
/*!40000 ALTER TABLE `upload_file_morph` DISABLE KEYS */;
/*!40000 ALTER TABLE `upload_file_morph` ENABLE KEYS */;
UNLOCK TABLES;

--
-- Table structure for table `users-permissions_permission`
--

DROP TABLE IF EXISTS `users-permissions_permission`;
/*!40101 SET @saved_cs_client     = @@character_set_client */;
/*!40101 SET character_set_client = utf8 */;
CREATE TABLE `users-permissions_permission` (
  `id` int(10) unsigned NOT NULL AUTO_INCREMENT,
  `type` varchar(255) NOT NULL,
  `controller` varchar(255) NOT NULL,
  `action` varchar(255) NOT NULL,
  `enabled` tinyint(1) NOT NULL,
  `policy` varchar(255) DEFAULT NULL,
  `role` int(11) DEFAULT NULL,
  `created_by` int(11) DEFAULT NULL,
  `updated_by` int(11) DEFAULT NULL,
  PRIMARY KEY (`id`)
) ENGINE=InnoDB AUTO_INCREMENT=163 DEFAULT CHARSET=latin1;
/*!40101 SET character_set_client = @saved_cs_client */;

--
-- Dumping data for table `users-permissions_permission`
--

LOCK TABLES `users-permissions_permission` WRITE;
/*!40000 ALTER TABLE `users-permissions_permission` DISABLE KEYS */;
INSERT INTO `users-permissions_permission` VALUES (1,'content-manager','components','findcomponent',1,'',1,NULL,NULL),(2,'content-manager','components','findcomponent',0,'',2,NULL,NULL),(3,'content-manager','components','listcomponents',0,'',1,NULL,NULL),(4,'content-manager','components','updatecomponent',0,'',1,NULL,NULL),(5,'content-manager','components','updatecomponent',0,'',2,NULL,NULL),(6,'content-manager','contentmanager','checkuidavailability',0,'',1,NULL,NULL),(7,'content-manager','components','listcomponents',0,'',2,NULL,NULL),(8,'content-manager','contentmanager','checkuidavailability',0,'',2,NULL,NULL),(9,'content-manager','contentmanager','count',0,'',1,NULL,NULL),(10,'content-manager','contentmanager','count',0,'',2,NULL,NULL),(11,'content-manager','contentmanager','create',0,'',1,NULL,NULL),(12,'content-manager','contentmanager','create',0,'',2,NULL,NULL),(13,'content-manager','contentmanager','delete',0,'',1,NULL,NULL),(14,'content-manager','contentmanager','delete',0,'',2,NULL,NULL),(15,'content-manager','contentmanager','deletemany',0,'',1,NULL,NULL),(16,'content-manager','contentmanager','deletemany',0,'',2,NULL,NULL),(17,'content-manager','contentmanager','find',1,'',1,NULL,NULL),(18,'content-manager','contentmanager','find',0,'',2,NULL,NULL),(19,'content-manager','contentmanager','findone',1,'',1,NULL,NULL),(20,'content-manager','contentmanager','findone',0,'',2,NULL,NULL),(21,'content-manager','contentmanager','findrelationlist',0,'',1,NULL,NULL),(22,'content-manager','contentmanager','findrelationlist',0,'',2,NULL,NULL),(23,'content-manager','contentmanager','generateuid',0,'',1,NULL,NULL),(24,'content-manager','contentmanager','generateuid',0,'',2,NULL,NULL),(25,'content-manager','contentmanager','publish',0,'',1,NULL,NULL),(26,'content-manager','contentmanager','publish',0,'',2,NULL,NULL),(27,'content-manager','contentmanager','unpublish',0,'',1,NULL,NULL),(28,'content-manager','contentmanager','unpublish',0,'',2,NULL,NULL),(29,'content-manager','contentmanager','update',0,'',1,NULL,NULL),(30,'content-manager','contentmanager','update',0,'',2,NULL,NULL),(31,'content-manager','contenttypes','findcontenttype',0,'',1,NULL,NULL),(32,'content-manager','contenttypes','findcontenttype',0,'',2,NULL,NULL),(33,'content-manager','contenttypes','listcontenttypes',0,'',1,NULL,NULL),(34,'content-manager','contenttypes','listcontenttypes',0,'',2,NULL,NULL),(35,'content-manager','contenttypes','updatecontenttype',0,'',1,NULL,NULL),(36,'content-manager','contenttypes','updatecontenttype',0,'',2,NULL,NULL),(37,'content-type-builder','builder','getreservednames',0,'',1,NULL,NULL),(38,'content-type-builder','builder','getreservednames',0,'',2,NULL,NULL),(39,'content-type-builder','componentcategories','deletecategory',0,'',1,NULL,NULL),(40,'content-type-builder','componentcategories','deletecategory',0,'',2,NULL,NULL),(41,'content-type-builder','componentcategories','editcategory',0,'',1,NULL,NULL),(42,'content-type-builder','componentcategories','editcategory',0,'',2,NULL,NULL),(43,'content-type-builder','components','createcomponent',0,'',1,NULL,NULL),(44,'content-type-builder','components','createcomponent',0,'',2,NULL,NULL),(45,'content-type-builder','components','deletecomponent',0,'',1,NULL,NULL),(46,'content-type-builder','components','deletecomponent',0,'',2,NULL,NULL),(47,'content-type-builder','components','getcomponent',0,'',1,NULL,NULL),(48,'content-type-builder','components','getcomponent',0,'',2,NULL,NULL),(49,'content-type-builder','components','getcomponents',0,'',1,NULL,NULL),(50,'content-type-builder','components','getcomponents',0,'',2,NULL,NULL),(51,'content-type-builder','components','updatecomponent',0,'',1,NULL,NULL),(52,'content-type-builder','components','updatecomponent',0,'',2,NULL,NULL),(53,'content-type-builder','connections','getconnections',0,'',1,NULL,NULL),(54,'content-type-builder','connections','getconnections',0,'',2,NULL,NULL),(55,'content-type-builder','contenttypes','createcontenttype',0,'',1,NULL,NULL),(56,'content-type-builder','contenttypes','createcontenttype',0,'',2,NULL,NULL),(57,'content-type-builder','contenttypes','deletecontenttype',0,'',1,NULL,NULL),(58,'content-type-builder','contenttypes','deletecontenttype',0,'',2,NULL,NULL),(59,'content-type-builder','contenttypes','getcontenttype',0,'',1,NULL,NULL),(60,'content-type-builder','contenttypes','getcontenttype',0,'',2,NULL,NULL),(61,'content-type-builder','contenttypes','getcontenttypes',0,'',1,NULL,NULL),(62,'content-type-builder','contenttypes','getcontenttypes',0,'',2,NULL,NULL),(63,'content-type-builder','contenttypes','updatecontenttype',0,'',1,NULL,NULL),(64,'content-type-builder','contenttypes','updatecontenttype',0,'',2,NULL,NULL),(65,'email','email','send',0,'',1,NULL,NULL),(66,'email','email','send',0,'',2,NULL,NULL),(67,'upload','upload','count',0,'',1,NULL,NULL),(68,'upload','upload','count',0,'',2,NULL,NULL),(69,'upload','upload','destroy',0,'',1,NULL,NULL),(70,'upload','upload','destroy',0,'',2,NULL,NULL),(71,'upload','upload','find',0,'',1,NULL,NULL),(72,'upload','upload','find',0,'',2,NULL,NULL),(73,'upload','upload','findone',0,'',1,NULL,NULL),(74,'upload','upload','findone',0,'',2,NULL,NULL),(75,'upload','upload','getsettings',0,'',1,NULL,NULL),(76,'upload','upload','getsettings',0,'',2,NULL,NULL),(77,'upload','upload','search',0,'',1,NULL,NULL),(78,'upload','upload','search',0,'',2,NULL,NULL),(79,'upload','upload','updatesettings',0,'',1,NULL,NULL),(80,'upload','upload','updatesettings',0,'',2,NULL,NULL),(81,'upload','upload','upload',0,'',1,NULL,NULL),(82,'upload','upload','upload',0,'',2,NULL,NULL),(83,'users-permissions','auth','callback',0,'',1,NULL,NULL),(84,'users-permissions','auth','callback',1,'',2,NULL,NULL),(85,'users-permissions','auth','connect',1,'',1,NULL,NULL),(86,'users-permissions','auth','connect',1,'',2,NULL,NULL),(87,'users-permissions','auth','emailconfirmation',0,'',1,NULL,NULL),(88,'users-permissions','auth','emailconfirmation',1,'',2,NULL,NULL),(89,'users-permissions','auth','forgotpassword',0,'',1,NULL,NULL),(90,'users-permissions','auth','forgotpassword',1,'',2,NULL,NULL),(91,'users-permissions','auth','register',0,'',1,NULL,NULL),(92,'users-permissions','auth','register',1,'',2,NULL,NULL),(93,'users-permissions','auth','resetpassword',0,'',1,NULL,NULL),(94,'users-permissions','auth','resetpassword',1,'',2,NULL,NULL),(95,'users-permissions','auth','sendemailconfirmation',0,'',1,NULL,NULL),(96,'users-permissions','auth','sendemailconfirmation',0,'',2,NULL,NULL),(97,'users-permissions','user','count',0,'',1,NULL,NULL),(98,'users-permissions','user','count',0,'',2,NULL,NULL),(99,'users-permissions','user','create',0,'',1,NULL,NULL),(100,'users-permissions','user','create',0,'',2,NULL,NULL),(101,'users-permissions','user','destroy',0,'',1,NULL,NULL),(102,'users-permissions','user','destroy',0,'',2,NULL,NULL),(103,'users-permissions','user','destroyall',0,'',1,NULL,NULL),(104,'users-permissions','user','destroyall',0,'',2,NULL,NULL),(105,'users-permissions','user','find',0,'',1,NULL,NULL),(106,'users-permissions','user','find',0,'',2,NULL,NULL),(107,'users-permissions','user','findone',0,'',1,NULL,NULL),(108,'users-permissions','user','findone',0,'',2,NULL,NULL),(109,'users-permissions','user','me',1,'',1,NULL,NULL),(110,'users-permissions','user','me',1,'',2,NULL,NULL),(111,'users-permissions','user','update',0,'',1,NULL,NULL),(112,'users-permissions','user','update',0,'',2,NULL,NULL),(113,'users-permissions','userspermissions','createrole',0,'',1,NULL,NULL),(114,'users-permissions','userspermissions','createrole',0,'',2,NULL,NULL),(115,'users-permissions','userspermissions','deleterole',0,'',1,NULL,NULL),(116,'users-permissions','userspermissions','deleterole',0,'',2,NULL,NULL),(117,'users-permissions','userspermissions','getadvancedsettings',0,'',1,NULL,NULL),(118,'users-permissions','userspermissions','getadvancedsettings',0,'',2,NULL,NULL),(119,'users-permissions','userspermissions','getemailtemplate',0,'',1,NULL,NULL),(120,'users-permissions','userspermissions','getemailtemplate',0,'',2,NULL,NULL),(121,'users-permissions','userspermissions','getpermissions',0,'',1,NULL,NULL),(122,'users-permissions','userspermissions','getpermissions',0,'',2,NULL,NULL),(123,'users-permissions','userspermissions','getpolicies',0,'',1,NULL,NULL),(124,'users-permissions','userspermissions','getpolicies',0,'',2,NULL,NULL),(125,'users-permissions','userspermissions','getproviders',0,'',1,NULL,NULL),(126,'users-permissions','userspermissions','getproviders',0,'',2,NULL,NULL),(127,'users-permissions','userspermissions','getrole',0,'',1,NULL,NULL),(128,'users-permissions','userspermissions','getrole',0,'',2,NULL,NULL),(129,'users-permissions','userspermissions','getroles',0,'',1,NULL,NULL),(130,'users-permissions','userspermissions','getroles',0,'',2,NULL,NULL),(131,'users-permissions','userspermissions','getroutes',0,'',1,NULL,NULL),(132,'users-permissions','userspermissions','getroutes',0,'',2,NULL,NULL),(133,'users-permissions','userspermissions','index',0,'',1,NULL,NULL),(134,'users-permissions','userspermissions','index',0,'',2,NULL,NULL),(135,'users-permissions','userspermissions','searchusers',0,'',1,NULL,NULL),(136,'users-permissions','userspermissions','searchusers',0,'',2,NULL,NULL),(137,'users-permissions','userspermissions','updateadvancedsettings',0,'',1,NULL,NULL),(138,'users-permissions','userspermissions','updateadvancedsettings',0,'',2,NULL,NULL),(139,'users-permissions','userspermissions','updateemailtemplate',0,'',1,NULL,NULL),(140,'users-permissions','userspermissions','updateemailtemplate',0,'',2,NULL,NULL),(141,'users-permissions','userspermissions','updateproviders',0,'',1,NULL,NULL),(142,'users-permissions','userspermissions','updateproviders',0,'',2,NULL,NULL),(143,'users-permissions','userspermissions','updaterole',0,'',1,NULL,NULL),(144,'users-permissions','userspermissions','updaterole',0,'',2,NULL,NULL),(145,'application','footer','delete',0,'',1,NULL,NULL),(146,'application','footer','delete',0,'',2,NULL,NULL),(147,'application','footer','find',0,'',1,NULL,NULL),(148,'application','footer','find',0,'',2,NULL,NULL),(149,'application','footer','update',0,'',1,NULL,NULL),(150,'application','footer','update',0,'',2,NULL,NULL),(151,'application','blog-post','count',0,'',1,NULL,NULL),(152,'application','blog-post','count',0,'',2,NULL,NULL),(153,'application','blog-post','create',0,'',1,NULL,NULL),(154,'application','blog-post','create',0,'',2,NULL,NULL),(155,'application','blog-post','delete',0,'',1,NULL,NULL),(156,'application','blog-post','delete',0,'',2,NULL,NULL),(157,'application','blog-post','find',1,'',1,NULL,NULL),(158,'application','blog-post','find',0,'ratelimit',2,NULL,NULL),(159,'application','blog-post','findone',1,'',1,NULL,NULL),(160,'application','blog-post','findone',0,'',2,NULL,NULL),(161,'application','blog-post','update',0,'',1,NULL,NULL),(162,'application','blog-post','update',0,'',2,NULL,NULL);
/*!40000 ALTER TABLE `users-permissions_permission` ENABLE KEYS */;
UNLOCK TABLES;

--
-- Table structure for table `users-permissions_role`
--

DROP TABLE IF EXISTS `users-permissions_role`;
/*!40101 SET @saved_cs_client     = @@character_set_client */;
/*!40101 SET character_set_client = utf8 */;
CREATE TABLE `users-permissions_role` (
  `id` int(10) unsigned NOT NULL AUTO_INCREMENT,
  `name` varchar(255) NOT NULL,
  `description` varchar(255) DEFAULT NULL,
  `type` varchar(255) DEFAULT NULL,
  `created_by` int(11) DEFAULT NULL,
  `updated_by` int(11) DEFAULT NULL,
  PRIMARY KEY (`id`),
  UNIQUE KEY `users-permissions_role_type_unique` (`type`)
) ENGINE=InnoDB AUTO_INCREMENT=3 DEFAULT CHARSET=latin1;
/*!40101 SET character_set_client = @saved_cs_client */;

--
-- Dumping data for table `users-permissions_role`
--

LOCK TABLES `users-permissions_role` WRITE;
/*!40000 ALTER TABLE `users-permissions_role` DISABLE KEYS */;
INSERT INTO `users-permissions_role` VALUES (1,'Authenticated','Default role given to authenticated user.','authenticated',NULL,NULL),(2,'Public','Default role given to unauthenticated user.','public',NULL,NULL);
/*!40000 ALTER TABLE `users-permissions_role` ENABLE KEYS */;
UNLOCK TABLES;

--
-- Table structure for table `users-permissions_user`
--

DROP TABLE IF EXISTS `users-permissions_user`;
/*!40101 SET @saved_cs_client     = @@character_set_client */;
/*!40101 SET character_set_client = utf8 */;
CREATE TABLE `users-permissions_user` (
  `id` int(10) unsigned NOT NULL AUTO_INCREMENT,
  `username` varchar(255) NOT NULL,
  `email` varchar(255) NOT NULL,
  `provider` varchar(255) DEFAULT NULL,
  `password` varchar(255) DEFAULT NULL,
  `resetPasswordToken` varchar(255) DEFAULT NULL,
  `confirmationToken` varchar(255) DEFAULT NULL,
  `confirmed` tinyint(1) DEFAULT NULL,
  `blocked` tinyint(1) DEFAULT NULL,
  `role` int(11) DEFAULT NULL,
  `created_by` int(11) DEFAULT NULL,
  `updated_by` int(11) DEFAULT NULL,
  `created_at` timestamp NULL DEFAULT CURRENT_TIMESTAMP,
  `updated_at` timestamp NULL DEFAULT CURRENT_TIMESTAMP,
  PRIMARY KEY (`id`),
  UNIQUE KEY `users-permissions_user_username_unique` (`username`)
) ENGINE=InnoDB AUTO_INCREMENT=2 DEFAULT CHARSET=latin1;
/*!40101 SET character_set_client = @saved_cs_client */;

--
-- Dumping data for table `users-permissions_user`
--

LOCK TABLES `users-permissions_user` WRITE;
/*!40000 ALTER TABLE `users-permissions_user` DISABLE KEYS */;
INSERT INTO `users-permissions_user` VALUES (1,'api','api@spinbits.io','local','$2a$10$g1apNDIrD7pe.V0wUj6mseVauYVKOuGRN3AOtemVmZ1zZ97kVrcRi',NULL,NULL,1,0,1,1,1,'2020-11-03 15:47:27','2020-11-03 15:47:27');
/*!40000 ALTER TABLE `users-permissions_user` ENABLE KEYS */;
UNLOCK TABLES;
/*!40103 SET TIME_ZONE=@OLD_TIME_ZONE */;

/*!40101 SET SQL_MODE=@OLD_SQL_MODE */;
/*!40014 SET FOREIGN_KEY_CHECKS=@OLD_FOREIGN_KEY_CHECKS */;
/*!40014 SET UNIQUE_CHECKS=@OLD_UNIQUE_CHECKS */;
/*!40101 SET CHARACTER_SET_CLIENT=@OLD_CHARACTER_SET_CLIENT */;
/*!40101 SET CHARACTER_SET_RESULTS=@OLD_CHARACTER_SET_RESULTS */;
/*!40101 SET COLLATION_CONNECTION=@OLD_COLLATION_CONNECTION */;
/*!40111 SET SQL_NOTES=@OLD_SQL_NOTES */;

-- Dump completed on 2020-11-03 17:51:27
